,Año,Pago,Principal,Interés,Balance
0,1,-1219.4534722068697,-1569.4534722068697,350.00000000000006,-1569.4534722068697
1,2,-1219.4534722068697,-1109.5917291523888,-109.8617430544809,-1109.5917291523888
2,3,-1219.4534722068697,-1141.7820511662026,-77.67142104066723,-1141.7820511662026
3,4,-1219.4534722068697,-1139.5287286252355,-79.92474358163419,-1139.5287286252355
